{"schemaVersion":"1.0","appDefinitionTemplate":{"id":"/providers/Microsoft.PowerApps/apps/","type":"Microsoft.PowerApps/apps","tags":{"primaryDeviceWidth":"640","primaryDeviceHeight":"1136","sienaVersion":"20201110T230059Z-3.20103.28.0","deviceCapabilities":"","supportsPortrait":"true","supportsLandscape":"false","primaryFormFactor":"Phone","publisherVersion":"3.20103.28","minimumRequiredApiVersion":"2.2.0","hasComponent":"false","hasUnlockedComponent":"false","isUnifiedRootApp":"false"},"properties":{"appVersion":"2020-11-10T23:00:59Z","lifeCycleId":"Published","createdByClientVersion":{"major":3,"minor":20103,"build":28,"revision":0,"majorRevision":0,"minorRevision":0},"minClientVersion":{"major":3,"minor":20103,"build":28,"revision":0,"majorRevision":0,"minorRevision":0},"backgroundColor":"rgba(37, 62, 143, 1)","backgroundImageUri":"/937880065817812315/N0d10b7c3-bf2e-46c8-afa9-aa2957390dc6-logoSmallFile","displayName":"Hawaii Reach v3","description":"To help bring Hawaii the services they need.","commitMessage":"","appUris":{"documentUri":{"value":"/937880065817812315/N5732d687-8652-45ce-a4e2-06b10e40f876-document.msapp","readonlyValue":"/937880065817812315/N5732d687-8652-45ce-a4e2-06b10e40f876-document.msapp"},"imageUris":[]},"createdTime":"0001-01-01T00:00:00Z","lastModifiedTime":"0001-01-01T00:00:00Z","sharedGroupsCount":0,"sharedUsersCount":0,"icons":{"smallIconUri":"/937880065817812315/N8a55e44a-01d9-4b56-b0d6-edc3cf65e2b1-small.png","mediumIconUri":"/937880065817812315/Ne5288d1b-86b4-44b8-8a5d-2d8d1120354f-medium.png","largeIconUri":"/937880065817812315/Ne32cea06-3f2e-4c7a-b372-dd4b061c7624-large.png","wideIconUri":"/937880065817812315/N78ede0af-7293-4b7b-b4cd-1460353bafcc-wide.png"},"connectionReferences":{"0b33fd4a-9a46-4d3a-a1e9-2c7117d04ec7":{"id":"6eda6615-260b-4667-84e2-3a742d8483e3","displayName":"Google Sheets","iconUri":"https://connectoricons-prod.azureedge.net/releases/v1.0.1408/1.0.1408.2187/googlesheet/icon.png","dataSources":["HawaiiReach"],"dependencies":[],"dependents":[],"parameterHints":{},"isOnPremiseConnection":false,"bypassConsent":false,"dataSets":{"1bKKt3mIYakceoVaw-3Cko0b-0Jlk_szK-4eM8FibEmk":{"dataSources":{"HawaiiReach":{"tableName":"0"}}}},"apiTier":"Standard","isCustomApiConnection":false},"170ddc62-8bb6-4dac-86f5-db20c47a8558":{"id":"6eda6615-260b-4667-84e2-3a742d8483e3","displayName":"Google Sheets","iconUri":"https://connectoricons-prod.azureedge.net/releases/v1.0.1408/1.0.1408.2187/googlesheet/icon.png","dataSources":["IMPORT FILE - POWER APP","IMPORT FILE - POWER APP_1"],"dependencies":[],"dependents":[],"parameterHints":{},"isOnPremiseConnection":false,"bypassConsent":false,"dataSets":{"1bKKt3mIYakceoVaw-3Cko0b-0Jlk_szK-4eM8FibEmk":{"dataSources":{"IMPORT FILE - POWER APP":{"tableName":"2050254062"},"IMPORT FILE - POWER APP_1":{"tableName":"2050254062"}}}},"apiTier":"Standard","isCustomApiConnection":false},"8050f709-b3cc-4c83-95c2-555f845a95ca":{"id":"6eda6615-260b-4667-84e2-3a742d8483e3","displayName":"Google Sheets","iconUri":"https://connectoricons-prod.azureedge.net/releases/v1.0.1408/1.0.1408.2187/googlesheet/icon.png","dataSources":["TOP","ClientHeader","ResourceHeader"],"dependencies":[],"dependents":[],"parameterHints":{},"isOnPremiseConnection":false,"bypassConsent":false,"dataSets":{"1bKKt3mIYakceoVaw-3Cko0b-0Jlk_szK-4eM8FibEmk":{"dataSources":{"TOP":{"tableName":"1876297733"},"ClientHeader":{"tableName":"2050424074"},"ResourceHeader":{"tableName":"270857156"}}}},"apiTier":"Standard","isCustomApiConnection":false}},"databaseReferences":{},"almMode":"Environment","performanceOptimizationEnabled":true,"canConsumeAppPass":true,"executionRestrictions":{"isTeamsOnly":false,"dataLossPreventionEvaluationResult":{"status":"Compliant","lastEvaluationDate":"2020-11-10T20:28:30.895944Z","violationDetails":[]}}},"isAppComponentLibrary":false,"appType":"ClassicCanvasApp","appComponents":[]}}