{"schemaVersion":"1.0","appDefinitionTemplate":{"id":"/providers/Microsoft.PowerApps/apps/","type":"Microsoft.PowerApps/apps","tags":{"primaryDeviceWidth":"640","primaryDeviceHeight":"1136","sienaVersion":"fc468723-2f07-415d-83e2-8e867d33b2ce","deviceCapabilities":"","supportsPortrait":"true","supportsLandscape":"false","primaryFormFactor":"Phone","publisherVersion":"3.20102.16","minimumRequiredApiVersion":"2.2.0","hasComponent":"false","hasUnlockedComponent":"false","isUnifiedRootApp":"false"},"properties":{"appVersion":"2020-11-04T19:48:15Z","lifeCycleId":"Published","createdByClientVersion":{"major":3,"minor":20102,"build":16,"revision":0,"majorRevision":0,"minorRevision":0},"minClientVersion":{"major":3,"minor":20102,"build":16,"revision":0,"majorRevision":0,"minorRevision":0},"backgroundColor":"rgba(37, 62, 143, 1)","backgroundImageUri":"/14604718091357629129/N984b3822-6b37-4923-a493-abd32a0ebe26-logoSmallFile","displayName":"Hawaii Reach","description":"To help bring Hawaii the services they need.","commitMessage":"","appUris":{"documentUri":{"value":"/14604718091357629129/N1b61e547-a2fb-44a9-b26b-7980408a0cf2-document.msapp","readonlyValue":"/14604718091357629129/N1b61e547-a2fb-44a9-b26b-7980408a0cf2-document.msapp"},"imageUris":[]},"createdTime":"0001-01-01T00:00:00Z","lastModifiedTime":"0001-01-01T00:00:00Z","sharedGroupsCount":0,"sharedUsersCount":0,"icons":{"smallIconUri":"/14604718091357629129/Ndc9606e8-71a0-4d94-a42d-4c2d0590269a-small.png","mediumIconUri":"/14604718091357629129/N46591408-c873-4bf3-a39a-f043025cb709-medium.png","largeIconUri":"/14604718091357629129/N6b8f57ac-c583-4050-a073-ada78faba348-large.png","wideIconUri":"/14604718091357629129/N6bf3ee13-392a-4416-b553-a783c552b262-wide.png"},"connectionReferences":{"0b33fd4a-9a46-4d3a-a1e9-2c7117d04ec7":{"id":"6eda6615-260b-4667-84e2-3a742d8483e3","displayName":"Google Sheets","iconUri":"https://connectoricons-prod.azureedge.net/releases/v1.0.1408/1.0.1408.2187/googlesheet/icon.png","dataSources":["HawaiiReach"],"dependencies":[],"dependents":[],"parameterHints":{},"isOnPremiseConnection":false,"dataSets":{"1bKKt3mIYakceoVaw-3Cko0b-0Jlk_szK-4eM8FibEmk":{"dataSources":{"HawaiiReach":{"tableName":"0"}}}},"apiTier":"Standard","isCustomApiConnection":false}},"databaseReferences":{},"almMode":"Environment","performanceOptimizationEnabled":true,"canConsumeAppPass":true,"executionRestrictions":{"isTeamsOnly":false,"dataLossPreventionEvaluationResult":{"status":"Compliant","lastEvaluationDate":"2020-11-04T19:48:25.6363121Z","violationDetails":[]}}},"isAppComponentLibrary":false,"appType":"ClassicCanvasApp","appComponents":[]}}