{"schemaVersion":"1.0","appDefinitionTemplate":{"id":"/providers/Microsoft.PowerApps/apps/","type":"Microsoft.PowerApps/apps","tags":{"primaryDeviceWidth":"640","primaryDeviceHeight":"1136","sienaVersion":"20201122T023442Z-3.20111.52.0","deviceCapabilities":"location","supportsPortrait":"true","supportsLandscape":"false","primaryFormFactor":"Phone","publisherVersion":"3.20111.52","minimumRequiredApiVersion":"2.2.0","hasComponent":"false","hasUnlockedComponent":"false","isUnifiedRootApp":"false"},"properties":{"appVersion":"2020-11-22T02:34:42Z","lifeCycleId":"Published","createdByClientVersion":{"major":3,"minor":20111,"build":52,"revision":0,"majorRevision":0,"minorRevision":0},"minClientVersion":{"major":3,"minor":20111,"build":52,"revision":0,"majorRevision":0,"minorRevision":0},"backgroundColor":"rgba(37, 62, 143, 1)","backgroundImageUri":"/6758512030661997515/N9d901a32-92e1-4e9f-b68c-4e6266a35fd0-logoSmallFile","displayName":"Hawaii Reach v6","description":"To help bring Hawaii the services they need.","commitMessage":"","appUris":{"documentUri":{"value":"/6758512030661997515/N28c08400-110e-43a5-b55e-3a71749ad8bd-document.msapp"},"imageUris":[]},"createdTime":"0001-01-01T00:00:00Z","lastModifiedTime":"0001-01-01T00:00:00Z","sharedGroupsCount":0,"sharedUsersCount":0,"icons":{"smallIconUri":"/6758512030661997515/N6ee50a19-f4a6-484b-9c83-7252a1530166-small.png","mediumIconUri":"/6758512030661997515/N67cb8d10-5444-414f-9d0c-24df0ff002a8-medium.png","largeIconUri":"/6758512030661997515/N9039f7fe-299f-4b20-af49-ddc50d257b9c-large.png","wideIconUri":"/6758512030661997515/N81b4a6a0-ed3d-43eb-99ba-ccdd4434c3aa-wide.png"},"connectionReferences":{"0b33fd4a-9a46-4d3a-a1e9-2c7117d04ec7":{"id":"6eda6615-260b-4667-84e2-3a742d8483e3","displayName":"Google Sheets","iconUri":"https://connectoricons-prod.azureedge.net/releases/v1.0.1417/1.0.1417.2237/googlesheet/icon.png","dataSources":["HawaiiReach"],"dependencies":[],"dependents":[],"parameterHints":{},"isOnPremiseConnection":false,"bypassConsent":false,"dataSets":{"1bKKt3mIYakceoVaw-3Cko0b-0Jlk_szK-4eM8FibEmk":{"dataSources":{"HawaiiReach":{"tableName":"0"}}}},"apiTier":"Standard","isCustomApiConnection":false},"170ddc62-8bb6-4dac-86f5-db20c47a8558":{"id":"6eda6615-260b-4667-84e2-3a742d8483e3","displayName":"Google Sheets","iconUri":"https://connectoricons-prod.azureedge.net/releases/v1.0.1417/1.0.1417.2237/googlesheet/icon.png","dataSources":["IMPORT FILE - POWER APP","IMPORT FILE - POWER APP_1"],"dependencies":[],"dependents":[],"parameterHints":{},"isOnPremiseConnection":false,"bypassConsent":false,"dataSets":{"1bKKt3mIYakceoVaw-3Cko0b-0Jlk_szK-4eM8FibEmk":{"dataSources":{"IMPORT FILE - POWER APP":{"tableName":"2050254062"},"IMPORT FILE - POWER APP_1":{"tableName":"2050254062"}}}},"apiTier":"Standard","isCustomApiConnection":false},"8050f709-b3cc-4c83-95c2-555f845a95ca":{"id":"6eda6615-260b-4667-84e2-3a742d8483e3","displayName":"Google Sheets","iconUri":"https://connectoricons-prod.azureedge.net/releases/v1.0.1417/1.0.1417.2237/googlesheet/icon.png","dataSources":["TOP","ClientHeader","ResourceHeader"],"dependencies":[],"dependents":[],"parameterHints":{},"isOnPremiseConnection":false,"bypassConsent":false,"dataSets":{"1bKKt3mIYakceoVaw-3Cko0b-0Jlk_szK-4eM8FibEmk":{"dataSources":{"TOP":{"tableName":"1876297733"},"ClientHeader":{"tableName":"2050424074"},"ResourceHeader":{"tableName":"270857156"}}}},"apiTier":"Standard","isCustomApiConnection":false},"8a1d5e02-8538-4779-bedc-0db4265118db":{"id":"c60356c2-bec5-4511-99b2-7a6d7a37d2c1","displayName":"Spatial Services","iconUri":"https://connectoricons-prod.azureedge.net/microsoftspatialservices/icon_1.0.1355.2023.png","dataSources":["SpatialServices"],"dependencies":[],"dependents":[],"parameterHints":{},"isOnPremiseConnection":false,"bypassConsent":false,"dataSets":{},"apiTier":"Premium","isCustomApiConnection":false}},"databaseReferences":{},"almMode":"Environment","performanceOptimizationEnabled":true,"canConsumeAppPass":true,"executionRestrictions":{"isTeamsOnly":false,"dataLossPreventionEvaluationResult":{"status":"Compliant","lastEvaluationDate":"2020-11-21T21:19:53.3091166Z","violationDetails":[]}}},"isAppComponentLibrary":false,"appType":"ClassicCanvasApp","appComponents":[]}}