{"schemaVersion":"1.0","appDefinitionTemplate":{"id":"/providers/Microsoft.PowerApps/apps/","type":"Microsoft.PowerApps/apps","tags":{"primaryDeviceWidth":"640","primaryDeviceHeight":"1136","sienaVersion":"20201129T032626Z-3.20111.52.0","deviceCapabilities":"","supportsPortrait":"true","supportsLandscape":"false","primaryFormFactor":"Phone","publisherVersion":"3.20111.52","minimumRequiredApiVersion":"2.2.0","hasComponent":"false","hasUnlockedComponent":"false","isUnifiedRootApp":"false"},"properties":{"appVersion":"2020-11-29T03:26:26Z","lifeCycleId":"Published","createdByClientVersion":{"major":3,"minor":20111,"build":52,"revision":0,"majorRevision":0,"minorRevision":0},"minClientVersion":{"major":3,"minor":20111,"build":52,"revision":0,"majorRevision":0,"minorRevision":0},"backgroundColor":"rgba(37, 62, 143, 1)","backgroundImageUri":"/5166224144314396713/N57c439bd-387e-42d0-8a7e-bcd4d5daa087-logoSmallFile","displayName":"Hawaii Reach v7","description":"To help bring Hawaii the services they need.","commitMessage":"","appUris":{"documentUri":{"value":"/5166224144314396713/N9ff89203-9451-4448-8d59-4ba80c7fd6a8-document.msapp"},"imageUris":[]},"createdTime":"0001-01-01T00:00:00Z","lastModifiedTime":"0001-01-01T00:00:00Z","sharedGroupsCount":0,"sharedUsersCount":0,"icons":{"smallIconUri":"/5166224144314396713/N803cc51f-550b-4d3f-bd62-f48afac40ccc-small.png","mediumIconUri":"/5166224144314396713/Nf73ede4c-a478-429e-a834-7b589ee3c4ad-medium.png","largeIconUri":"/5166224144314396713/Nfdb52498-0b7d-4b8e-96fa-b32d4090bc54-large.png","wideIconUri":"/5166224144314396713/N272502f4-c661-4d9f-9e16-479f326f0e2e-wide.png"},"connectionReferences":{"0b33fd4a-9a46-4d3a-a1e9-2c7117d04ec7":{"id":"6eda6615-260b-4667-84e2-3a742d8483e3","displayName":"Google Sheets","iconUri":"https://connectoricons-prod.azureedge.net/releases/v1.0.1417/1.0.1417.2237/googlesheet/icon.png","dataSources":["HawaiiReach"],"dependencies":[],"dependents":[],"parameterHints":{},"isOnPremiseConnection":false,"bypassConsent":false,"dataSets":{"1bKKt3mIYakceoVaw-3Cko0b-0Jlk_szK-4eM8FibEmk":{"dataSources":{"HawaiiReach":{"tableName":"0"}}}},"apiTier":"Standard","isCustomApiConnection":false},"170ddc62-8bb6-4dac-86f5-db20c47a8558":{"id":"6eda6615-260b-4667-84e2-3a742d8483e3","displayName":"Google Sheets","iconUri":"https://connectoricons-prod.azureedge.net/releases/v1.0.1417/1.0.1417.2237/googlesheet/icon.png","dataSources":["IMPORT FILE - POWER APP","IMPORT FILE - POWER APP_1"],"dependencies":[],"dependents":[],"parameterHints":{},"isOnPremiseConnection":false,"bypassConsent":false,"dataSets":{"1bKKt3mIYakceoVaw-3Cko0b-0Jlk_szK-4eM8FibEmk":{"dataSources":{"IMPORT FILE - POWER APP":{"tableName":"2050254062"},"IMPORT FILE - POWER APP_1":{"tableName":"2050254062"}}}},"apiTier":"Standard","isCustomApiConnection":false},"8050f709-b3cc-4c83-95c2-555f845a95ca":{"id":"6eda6615-260b-4667-84e2-3a742d8483e3","displayName":"Google Sheets","iconUri":"https://connectoricons-prod.azureedge.net/releases/v1.0.1417/1.0.1417.2237/googlesheet/icon.png","dataSources":["TOP","ClientHeader","ResourceHeader"],"dependencies":[],"dependents":[],"parameterHints":{},"isOnPremiseConnection":false,"bypassConsent":false,"dataSets":{"1bKKt3mIYakceoVaw-3Cko0b-0Jlk_szK-4eM8FibEmk":{"dataSources":{"TOP":{"tableName":"1876297733"},"ClientHeader":{"tableName":"2050424074"},"ResourceHeader":{"tableName":"270857156"}}}},"apiTier":"Standard","isCustomApiConnection":false}},"databaseReferences":{},"almMode":"Environment","performanceOptimizationEnabled":true,"canConsumeAppPass":true,"executionRestrictions":{"isTeamsOnly":false,"dataLossPreventionEvaluationResult":{"status":"Compliant","lastEvaluationDate":"2020-11-24T23:44:48.266748Z","violationDetails":[]}}},"isAppComponentLibrary":false,"appType":"ClassicCanvasApp","appComponents":[]}}